Investor Name,Investor Cohort (Tier),Typical Investment Stage,GTM Buying Signal/ Strategy
42CAP,Tier 1 Mega-VC,Seed – Series A,European deep-tech investor. Portfolio companies building foundational AI infrastructure.
Accel,Tier 1 Mega-VC,Series A – Series E,Elite scaling pedigree; focuses heavily on companies crossing the $10M to $100M ARR chasm.
Addition,Growth Equity,Series C+ / Pre-IPO,"Hyper-focused on scaling metrics, defending high ACVs, and pre-IPO readiness. Position yourself as an elite operator who brings rigorous data analytics and scalable key account management to maximize revenue efficiency."
Ahren Innovation,Growth Equity,Series C+ / Pre-IPO,"Hyper-focused on scaling metrics, defending high ACVs, and pre-IPO readiness. Position yourself as an elite operator who brings rigorous data analytics and scalable key account management to maximize revenue efficiency."
Alkeon Capital,Growth Equity,Series C+ / Pre-IPO,"Hyper-focused on scaling metrics, defending high ACVs, and pre-IPO readiness. Position yourself as an elite operator who brings rigorous data analytics and scalable key account management to maximize revenue efficiency."
Altimeter Capital,Growth Equity,Series C+ / Pre-IPO,"Hyper-focused on scaling metrics, defending high ACVs, and pre-IPO readiness. Position yourself as an elite operator who brings rigorous data analytics and scalable key account management to maximize revenue efficiency."
Amazon,Big Tech Strategic,Series C+ / Strategic,AWS ecosystem lock-in; highly focused on commercializing AI through AWS Bedrock.
Andreessen Horowitz (a16z),Tier 1 Mega-VC,Seed – Series C,"Blank-check mandate to capture market share. Highest propensity to buy premium, scalable GTM and engineering software."
B2V,Growth Equity,Series C+ / Pre-IPO,"Hyper-focused on scaling metrics, defending high ACVs, and pre-IPO readiness. Position yourself as an elite operator who brings rigorous data analytics and scalable key account management to maximize revenue efficiency."
Bain Capital Ventures,Growth Equity,Series C+ / Pre-IPO,"Hyper-focused on scaling metrics, defending high ACVs, and pre-IPO readiness. Position yourself as an elite operator who brings rigorous data analytics and scalable key account management to maximize revenue efficiency."
Battery Ventures,Growth Equity,Series C+ / Pre-IPO,"Hyper-focused on scaling metrics, defending high ACVs, and pre-IPO readiness. Position yourself as an elite operator who brings rigorous data analytics and scalable key account management to maximize revenue efficiency."
BDC,Growth Equity,Series C+ / Pre-IPO,"Hyper-focused on scaling metrics, defending high ACVs, and pre-IPO readiness. Position yourself as an elite operator who brings rigorous data analytics and scalable key account management to maximize revenue efficiency."
Benchmark,Tier 1 Mega-VC,Seed through Series C,"High-conviction capital looking for category kings. Use aggressive land-and-expand strategies. Pitch your ability to take early technical traction and convert it into structured, repeatable enterprise contracts using elite ROI storytelling."
Bessemer Venture Partners,Tier 1 Mega-VC,Seed – Series C,"Cloud/SaaS pioneer (coined ""Cloud Index""). Portfolio companies are metrics-obsessed; strong buyers of PLG analytics and developer tools."
Bill Gates,Angel / Individual,Pre-Seed / Seed,Founder-friendly capital backed by deep operational/technical networks. Position yourself as the strategic executor who bridges the gap between raw technical brilliance and a highly profitable enterprise sales playbook.
BOND,Growth Equity,Series C+ / Pre-IPO,"Hyper-focused on scaling metrics, defending high ACVs, and pre-IPO readiness. Position yourself as an elite operator who brings rigorous data analytics and scalable key account management to maximize revenue efficiency."
CapitalG,Growth Equity,Series C+ / Pre-IPO,"Hyper-focused on scaling metrics, defending high ACVs, and pre-IPO readiness. Position yourself as an elite operator who brings rigorous data analytics and scalable key account management to maximize revenue efficiency."
Cisco,Big Tech Strategic,Late Stage,"Signals focus on enterprise networking, AI security, and hardware-software integration."
Coatue Management,Growth Equity,Series C+ / Pre-IPO,Data-driven investors. Their portfolio companies are heavily scrutinized for capital efficiency and gross margins.
DigitalOcean,Big Tech Strategic,Late Stage / Pre-IPO / Strategic Corporate,"Target cloud compute consumption, platform lock-in, and interoperability. Pitch your ability to navigate massive, complex organizations (multi-threading) and align product sales with the parent company's broader ecosystem goals."
Dragoneer,Growth Equity,Series C+ / Pre-IPO,Late-stage crossover fund. Signals company is on IPO trajectory; needs enterprise-grade security and compliance.
Durable Capital Partners,Growth Equity,Series C+ / Pre-IPO,"Hyper-focused on scaling metrics, defending high ACVs, and pre-IPO readiness. Position yourself as an elite operator who brings rigorous data analytics and scalable key account management to maximize revenue efficiency."
Elad Gil,Growth Equity,Series C+ / Pre-IPO,"Hyper-focused on scaling metrics, defending high ACVs, and pre-IPO readiness. Position yourself as an elite operator who brings rigorous data analytics and scalable key account management to maximize revenue efficiency."
Felicis,Growth Equity,Series C+ / Pre-IPO,"Hyper-focused on scaling metrics, defending high ACVs, and pre-IPO readiness. Position yourself as an elite operator who brings rigorous data analytics and scalable key account management to maximize revenue efficiency."
Fidelity,Growth Equity,Series D+ / Pre-IPO,Institutional asset manager. Signals pre-IPO maturity; strict vendor security reviews and SOX-readiness requirements.
Founders Fund,Tier 1 Mega-VC,Series A – Series C,Contrarian bets on deep-tech. Portfolio companies tend to build vs. buy; longer sales cycles but high contract values.
General Atlantic,Growth Equity,Series C+ / Pre-IPO,Global growth equity leader. Signals international expansion phase; companies need multi-region compliance and enterprise localization.
General Catalyst,Tier 1 Mega-VC,Series A – Series C,High operational rigor; startups backed by them will have robust procurement processes but large software budgets.
GGV Capital,Tier 1 Mega-VC,Series A – Series C,US-Asia cross-border expertise. Portfolio companies often need bilingual GTM teams and Asia-Pacific market entry support.
GIC,Growth Equity,Series C+ / Pre-IPO,"Hyper-focused on scaling metrics, defending high ACVs, and pre-IPO readiness. Position yourself as an elite operator who brings rigorous data analytics and scalable key account management to maximize revenue efficiency."
GitHub,Big Tech Strategic,Late Stage / Pre-IPO / Strategic Corporate,"Target cloud compute consumption, platform lock-in, and interoperability. Pitch your ability to navigate massive, complex organizations (multi-threading) and align product sales with the parent company's broader ecosystem goals."
Google,Big Tech Strategic,Series A+ / Strategic,GCP infrastructure dependency; strong focus on proprietary foundation models.
Greylock,Tier 1 Mega-VC,Seed – Series B,Elite enterprise pedigree. They back companies (like Resolve AI) building mission-critical B2B infrastructure.
GSV,Tier 1 Mega-VC,Seed – Series A,EdTech and digital learning focus. Portfolio companies targeting developer education and knowledge platforms.
HongShan,Growth Equity,Series C+ / Pre-IPO,"Hyper-focused on scaling metrics, defending high ACVs, and pre-IPO readiness. Position yourself as an elite operator who brings rigorous data analytics and scalable key account management to maximize revenue efficiency."
Horizon AI,Tier 1 Mega-VC,Seed – Series A,AI-native infrastructure focus. Early-stage bets on compute and ML platform companies.
Iconiq Capital,Growth Equity,Series C+ / Pre-IPO,Ultra-HNW family office capital. Signals maturity; these companies have enterprise procurement and compliance needs.
ICONIQ Growth,Growth Equity,Series C+ / Pre-IPO,"Hyper-focused on scaling metrics, defending high ACVs, and pre-IPO readiness. Position yourself as an elite operator who brings rigorous data analytics and scalable key account management to maximize revenue efficiency."
IDG Capital,Tier 1 Mega-VC,Series A – Series C,China-origin global investor. Portfolio companies expanding across Asian markets; need localization and cross-border infrastructure.
Idinvest Partners,Growth Equity,Series B – Series C,European growth investor (now Eurazeo). Portfolio companies scaling across EU markets; need GDPR compliance and European go-to-market.
Index Ventures,Tier 1 Mega-VC,Seed – Series B,European + US cross-border focus. Portfolio companies scaling internationally need multi-region infrastructure.
Inovia Capital,Growth Equity,Series C+ / Pre-IPO,"Hyper-focused on scaling metrics, defending high ACVs, and pre-IPO readiness. Position yourself as an elite operator who brings rigorous data analytics and scalable key account management to maximize revenue efficiency."
Insight Partners,Growth Equity,Series B – Series D,ScaleUp specialist with $90B+ AUM. Portfolio companies aggressively scaling GTM; heavy buyers of sales automation and RevOps tools.
Institutional Venture Partners,Growth Equity,Series B – Series D,"Late-stage enterprise focus. Portfolio companies crossing $50M ARR; buying enterprise security, compliance, and scaling tools."
Intel Capital,Big Tech Strategic,Late Stage / Pre-IPO / Strategic Corporate,"Target cloud compute consumption, platform lock-in, and interoperability. Pitch your ability to navigate massive, complex organizations (multi-threading) and align product sales with the parent company's broader ecosystem goals."
IVP,Growth Equity,Series B – Series D,Growth-stage focus. Portfolio companies actively scaling sales teams and buying revenue operations tools.
JPMorgan,Growth Equity,Series C+ / Pre-IPO,"Hyper-focused on scaling metrics, defending high ACVs, and pre-IPO readiness. Position yourself as an elite operator who brings rigorous data analytics and scalable key account management to maximize revenue efficiency."
Khosla Ventures,Tier 1 Mega-VC,Seed – Series B,Deep-tech and climate-AI focus. Portfolio companies need specialized infrastructure and MLOps tooling.
Kleiner Perkins,Tier 1 Mega-VC,Seed – Series B,Strong enterprise SaaS pedigree. Portfolio companies are sophisticated buyers of sales and marketing tools.
Lightspeed,Tier 1 Mega-VC,Seed – Series B,Hyper-growth focus; heavily invests in technical founders who need immediate RevOps/GTM support to scale.
Lux Capital,Growth Equity,Series C+ / Pre-IPO,"Hyper-focused on scaling metrics, defending high ACVs, and pre-IPO readiness. Position yourself as an elite operator who brings rigorous data analytics and scalable key account management to maximize revenue efficiency."
Menlo Ventures,Growth Equity,Series C+ / Pre-IPO,"Hyper-focused on scaling metrics, defending high ACVs, and pre-IPO readiness. Position yourself as an elite operator who brings rigorous data analytics and scalable key account management to maximize revenue efficiency."
Meta,Big Tech Strategic,Any / Strategic,Open-source LLM focus (Llama); signals massive internal data processing needs.
Microsoft,Big Tech Strategic,Series C+ / Strategic,Heavily biased toward Azure deployment; massive co-selling opportunities via MSFT marketplaces.
Morgan Stanley,Growth Equity,Series D+ / Pre-IPO,Pre-IPO structuring. Extremely strict vendor security reviews; requires enterprise-grade Service Level Agreements (SLAs).
NEA,Tier 1 Mega-VC,Seed – Series C,Broad tech portfolio with $25B+ AUM. Balanced build vs. buy approach; moderate procurement processes.
Nexxus,Growth Equity,Series C+ / Pre-IPO,"Hyper-focused on scaling metrics, defending high ACVs, and pre-IPO readiness. Position yourself as an elite operator who brings rigorous data analytics and scalable key account management to maximize revenue efficiency."
NVIDIA,Big Tech Strategic,Any / Strategic,Deep focus on compute infrastructure and ML hardware optimization.
Parkway Venture Capital,Growth Equity,Series C+ / Pre-IPO,"Hyper-focused on scaling metrics, defending high ACVs, and pre-IPO readiness. Position yourself as an elite operator who brings rigorous data analytics and scalable key account management to maximize revenue efficiency."
Pitango,Growth Equity,Series C+ / Pre-IPO,"Hyper-focused on scaling metrics, defending high ACVs, and pre-IPO readiness. Position yourself as an elite operator who brings rigorous data analytics and scalable key account management to maximize revenue efficiency."
Premji Invest,Growth Equity,Series C+ / Pre-IPO,"Hyper-focused on scaling metrics, defending high ACVs, and pre-IPO readiness. Position yourself as an elite operator who brings rigorous data analytics and scalable key account management to maximize revenue efficiency."
Prysm Capital,Growth Equity,Series B – Series C,Growth equity with operating leverage focus. Portfolio companies scaling GTM aggressively.
PSP Investments,Growth Equity,Series D+ / Pre-IPO,Canadian pension fund ($244B AUM). Institutional capital signals late-stage maturity; companies need SOX-readiness and IPO-grade reporting.
Radical Ventures,Growth Equity,Series C+ / Pre-IPO,"Hyper-focused on scaling metrics, defending high ACVs, and pre-IPO readiness. Position yourself as an elite operator who brings rigorous data analytics and scalable key account management to maximize revenue efficiency."
Redpoint Ventures,Tier 1 Mega-VC,Seed – Series B,Infrastructure and data platform focus. Portfolio companies building developer-first products; need robust observability and CI/CD tooling.
Reid Hoffman,Angel / Individual,Seed – Series A,"LinkedIn co-founder, early OpenAI backer. Angel involvement signals founder-network access, not institutional buying patterns."
Salesforce Ventures,Big Tech Strategic,Late Stage / Pre-IPO / Strategic Corporate,"Target cloud compute consumption, platform lock-in, and interoperability. Pitch your ability to navigate massive, complex organizations (multi-threading) and align product sales with the parent company's broader ecosystem goals."
Sapphire Ventures,Growth Equity,Series C+ / Pre-IPO,"Hyper-focused on scaling metrics, defending high ACVs, and pre-IPO readiness. Position yourself as an elite operator who brings rigorous data analytics and scalable key account management to maximize revenue efficiency."
Schwarz Group,Big Tech Strategic,Series B+ / Strategic,Largest European retailer (Lidl/Kaufland). Strategic investment signals enterprise AI adoption in retail and supply chain.
Sequoia Capital,Tier 1 Mega-VC,Seed – Series C,Elite brand. Portfolio companies prioritize product-market fit; strong buyers of developer tools and infrastructure.
ServiceNow,Big Tech Strategic,Late Stage / Pre-IPO / Strategic Corporate,"Target cloud compute consumption, platform lock-in, and interoperability. Pitch your ability to navigate massive, complex organizations (multi-threading) and align product sales with the parent company's broader ecosystem goals."
Social Capital,Tier 1 Mega-VC,Seed – Series A,Data-driven investment thesis. Portfolio companies heavily instrument growth metrics; good buyers of analytics tools.
SoftBank,Growth Equity,Series C+ / Pre-IPO,"Hyper-focused on scaling metrics, defending high ACVs, and pre-IPO readiness. Position yourself as an elite operator who brings rigorous data analytics and scalable key account management to maximize revenue efficiency."
Spark Capital,Tier 1 Mega-VC,Series A – Series C,"Product-led growth (PLG) focus. High buyers of analytics, community-led growth, and developer tools."
StepStone,Growth Equity,Series C+ / Pre-IPO,Private markets specialist ($171B+ AUM). Institutional capital at scale; signals company readiness for late-stage governance and compliance.
SV Angel,Angel / Individual,Pre-Seed / Seed,Founder-friendly capital backed by deep operational/technical networks. Position yourself as the strategic executor who bridges the gap between raw technical brilliance and a highly profitable enterprise sales playbook.
T. Rowe Price,Growth Equity,Series E+ / Pre-IPO,Traditional institutional money. Signals the startup is preparing for an IPO and needs SOX-compliant enterprise software.
Thrive Capital,Growth Equity,Series E+ / Pre-IPO,"Hyper-scale. Writing $1B+ checks (OpenAI). Massive buyers of enterprise security, compliance, and global scaling tools."
Tiger Global,Growth Equity,Series C+ / Pre-IPO,"Hyper-focused on scaling metrics, defending high ACVs, and pre-IPO readiness. Position yourself as an elite operator who brings rigorous data analytics and scalable key account management to maximize revenue efficiency."
TLV Partners,Growth Equity,Series C+ / Pre-IPO,"Hyper-focused on scaling metrics, defending high ACVs, and pre-IPO readiness. Position yourself as an elite operator who brings rigorous data analytics and scalable key account management to maximize revenue efficiency."
Upfront Ventures,Growth Equity,Series C+ / Pre-IPO,"Hyper-focused on scaling metrics, defending high ACVs, and pre-IPO readiness. Position yourself as an elite operator who brings rigorous data analytics and scalable key account management to maximize revenue efficiency."
Walden Catalyst,Tier 1 Mega-VC,Series A – Series B,Deep-tech and enterprise AI focus. Portfolio companies building complex products; need technical sales enablement and proof-of-concept tools.
Wellington Management,Growth Equity,Series C+ / Pre-IPO,"Hyper-focused on scaling metrics, defending high ACVs, and pre-IPO readiness. Position yourself as an elite operator who brings rigorous data analytics and scalable key account management to maximize revenue efficiency."
Wing Venture Capital,Growth Equity,Series C+ / Pre-IPO,"Hyper-focused on scaling metrics, defending high ACVs, and pre-IPO readiness. Position yourself as an elite operator who brings rigorous data analytics and scalable key account management to maximize revenue efficiency."
Workday Ventures,Big Tech Strategic,Series A – Series C,Strategic HR/enterprise focus. Signals integration into Workday ecosystem; enterprise procurement rigor.
Y Combinator,Accelerator,Pre-Seed – Seed,"Agile, lean tech stacks. Often buy software through YC-exclusive discounts. Great for high-volume, low-touch sales."